Lifetime,CDF
9.75,0.006329113924050633
9.75,0.012658227848101266
9.75,0.0189873417721519
9.75,0.02531645569620253
9.75,0.03164556962025317
9.75,0.0379746835443038
9.75,0.04430379746835443
9.75,0.05063291139240506
9.75,0.056962025316455694
9.75,0.06329113924050633
9.75,0.06962025316455696
9.75,0.0759493670886076
9.75,0.08227848101265822
9.75,0.08860759493670886
9.75,0.0949367088607595
9.75,0.10126582278481013
9.75,0.10759493670886076
9.75,0.11392405063291139
9.75,0.12025316455696203
9.75,0.12658227848101267
9.75,0.13291139240506328
9.75,0.13924050632911392
9.75,0.14556962025316456
9.75,0.1518987341772152
9.75,0.15822784810126583
9.75,0.16455696202531644
9.75,0.17088607594936708
13.0,0.17721518987341772
13.0,0.18354430379746836
13.0,0.189873417721519
13.0,0.1962025316455696
13.0,0.20253164556962025
19.5,0.2088607594936709
19.5,0.21518987341772153
19.5,0.22151898734177214
19.5,0.22784810126582278
19.5,0.23417721518987342
19.5,0.24050632911392406
19.5,0.2468354430379747
19.5,0.25316455696202533
19.5,0.25949367088607594
22.75,0.26582278481012656
22.75,0.2721518987341772
22.75,0.27848101265822783
22.75,0.2848101265822785
22.75,0.2911392405063291
22.75,0.2974683544303797
22.75,0.3037974683544304
22.75,0.310126582278481
22.75,0.31645569620253167
22.75,0.3227848101265823
22.75,0.3291139240506329
22.75,0.33544303797468356
22.75,0.34177215189873417
22.75,0.34810126582278483
22.75,0.35443037974683544
22.75,0.36075949367088606
22.75,0.3670886075949367
22.75,0.37341772151898733
29.25,0.379746835443038
29.25,0.3860759493670886
32.5,0.3924050632911392
32.5,0.3987341772151899
39.0,0.4050632911392405
42.25,0.41139240506329117
42.25,0.4177215189873418
42.25,0.4240506329113924
42.25,0.43037974683544306
42.25,0.43670886075949367
42.25,0.4430379746835443
42.25,0.44936708860759494
42.25,0.45569620253164556
52.0,0.4620253164556962
52.0,0.46835443037974683
52.0,0.47468354430379744
52.0,0.4810126582278481
52.0,0.4873417721518987
55.25,0.4936708860759494
61.75,0.5
61.75,0.5063291139240507
61.75,0.5126582278481012
65.0,0.5189873417721519
65.0,0.5253164556962026
71.5,0.5316455696202531
71.5,0.5379746835443038
74.75,0.5443037974683544
74.75,0.5506329113924051
84.5,0.5569620253164557
94.25,0.5632911392405063
94.25,0.569620253164557
94.25,0.5759493670886076
97.5,0.5822784810126582
104.0,0.5886075949367089
107.25,0.5949367088607594
113.75,0.6012658227848101
117.0,0.6075949367088608
117.0,0.6139240506329114
136.5,0.620253164556962
136.5,0.6265822784810127
136.5,0.6329113924050633
136.5,0.6392405063291139
136.5,0.6455696202531646
146.25,0.6518987341772152
156.0,0.6582278481012658
159.25,0.6645569620253164
159.25,0.6708860759493671
165.75,0.6772151898734177
169.0,0.6835443037974683
169.0,0.689873417721519
169.0,0.6962025316455697
169.0,0.7025316455696202
182.0,0.7088607594936709
198.25,0.7151898734177216
201.5,0.7215189873417721
221.0,0.7278481012658228
240.5,0.7341772151898734
240.5,0.740506329113924
243.75,0.7468354430379747
273.0,0.7531645569620253
273.0,0.759493670886076
273.0,0.7658227848101266
276.25,0.7721518987341772
282.75,0.7784810126582279
282.75,0.7848101265822784
305.5,0.7911392405063291
325.0,0.7974683544303798
328.25,0.8037974683544303
347.75,0.810126582278481
357.5,0.8164556962025317
399.75,0.8227848101265823
429.0,0.8291139240506329
442.0,0.8354430379746836
484.25,0.8417721518987342
497.25,0.8481012658227848
559.0,0.8544303797468354
614.25,0.8607594936708861
620.75,0.8670886075949367
643.5,0.8734177215189873
695.5,0.879746835443038
737.75,0.8860759493670886
841.75,0.8924050632911392
861.25,0.8987341772151899
864.5,0.9050632911392406
893.75,0.9113924050632911
971.75,0.9177215189873418
978.25,0.9240506329113924
991.25,0.930379746835443
1105.0,0.9367088607594937
1176.5,0.9430379746835443
1283.75,0.9493670886075949
1296.75,0.9556962025316456
1491.75,0.9620253164556962
1849.25,0.9683544303797469
2830.75,0.9746835443037974
3328.0,0.9810126582278481
3948.75,0.9873417721518988
5687.5,0.9936708860759493
7566.0,1.0
